Workbook

Sheet Instrucciones
A1: INSPECCIÓN FÍSICA DEL EQUIPO — GRIMM EDM180 (C/D)
A2: Prototipo de estructura jerárquica en Excel · Ambientalia — Servicio Técnico · v3
A4: Novedades de la v3
A5: 1) Se incorporaron 15 ítems nuevos hallados al revisar 'Service Training NEW [Version 0.8]',
A6: el documento más extenso del notebook y el único con diagrama interno detallado. El hallazgo
A7: más relevante: el equipo tiene una Bomba de muestra (Sample Pump) física, distinta de la bomba
A8: de vacío/secado (antes la única bomba registrada) — ver ítem 3.1.5. Los demás 14 ítems cubren
A9: soporte del tubo, paso de techo, calefactor opcional del cabezal, trampa de agua, depósito de
A10: compensación, presostatos, válvula y filtro del ciclo self-test, tarjeta driver del láser y tarjeta
A11: LED, filtros CQ (selftest/vacío), el procedimiento de reinicio del contador de filtro a 60.000 µg,
A12: puertos RS-232 y las etiquetas físicas del equipo (ítem 1.2.4).
A13: 2) Catálogo e Inspección se fusionaron en UNA sola hoja/tabla (antes eran dos hojas enlazadas
... A53: no uno publicado por GRIMM; se deja igual, pero sin fuente oficial confirmada.
A54: ID | B54: Ítem | C54: Resultado | D54: Valor medido | E54: Foto | F54: Observación
A55: 3.1.1 | B55: Flujo de la bomba de secado | C55: Requiere reemplazo | D55: 2.45 | E55: Sí | F55: Flujo cercano al límite de reemplazo; desgaste en el empaque del pistón.

Sheet Listas
A1: Resultado | B1: Foto adjunta | C1: Obligatorio
A2: Conforme | B2: Sí | C2: Sí
A3: No conforme | B3: No | C3: No
A4: Requiere reemplazo | B4: No aplica
A5: No aplica
A6: Pendiente

Sheet Inspección
A1: FASE 1 — INSPECCIÓN FÍSICA DEL EQUIPO (catálogo + captura)
A3: Cliente: | D3: Serie del espectrómetro:
A4: NIT: | D4: Fecha de inspección:
A5: Equipo / Modelo: | B5: Monitor de partículas GRIMM EDM180 | D5: Técnico responsable:
A6: Número de serie: | D6: N.º de informe (MT):
A8: ID | B8: Nivel macro (N1) | C8: Subnivel (N2) | D8: Ítem (N3) | E8: Qué se verifica | F8: Tipo de dato | G8: Unidad | H8: Criterio de aceptación | I8: Límite inferior | J8: Límite superior | K8: Obligatorio | L8: Evidencia fotográfica requerida | M8: Repuesto / parte asociada | N8: Informe de referencia | O8: Resultado | P8: Valor medido | Q8: Verificación de rango | R8: Foto adjunta | S8: Observación
A9: 1.1.1 | B9: 1. Verificación funcional inicial | C9: 1.1 Encendido y autodiagnóstico | D9: Ciclo self-test | E9: El equipo enciende y supera el ciclo self test | F9: Sí/No | H9: Debe superar el self test | K9: Sí | L9: No | N9: MT_18A12051_260811 | O9: Pendiente | Q9: =IF($F9<>"Numérico","",IF($P9="","Sin dato",IF(AND(OR(NOT(ISNUMBER($I9)),$P9>=$I9),OR(NOT(ISNUMBER($J9)),$P9<=$J9)),"Dentro de rango","Fuera de rango")))
A10: 1.1.2 | B10: 1. Verificación funcional inicial | C10: 1.1 Encendido y autodiagnóstico | D10: Inicio de medición | E10: El equipo comienza a medir tras el self test | F10: Sí/No | H10: Debe iniciar medición | K10: Sí | L10: No | N10: MT_18A12051_260811 | O10: Pendiente | Q10: =IF($F10<>"Numérico","",IF($P10="","Sin dato",IF(AND(OR(NOT(ISNUMBER($I10)),$P10>=$I10),OR(NOT(ISNUMBER($J10)),$P10<=$J10)),"Dentro de rango","Fuera de rango")))
A11: 1.1.3 | B11: 1. Verificación funcional inicial | C11: 1.1 Encendido y autodiagnóstico | D11: Alarmas activas | E11: Alarmas o avisos en pantalla al arranque (p. ej. alerta "Dryer") | F11: Texto | H11: Sin alarmas activas | K11: Sí | L11: Sí | N11: MT_18A21062_260227 | O11: Pendiente | Q11: =IF($F11<>"Numérico","",IF($P11="","Sin dato",IF(AND(OR(NOT(ISNUMBER($I11)),$P11>=$I11),OR(NOT(ISNUMBER($J11)),$P11<=$J11)),"Dentro de rango","Fuera de rango")))
A12: 1.2.1 | B12: 1. Verificación funcional inicial | C12: 1.2 Identificación y trazabilidad | D12: Serial del monitor | E12: El serial del monitor coincide con la placa y con la orden de servicio | F12: Sí/No | H12: Debe coincidir | K12: Sí | L12: Sí | N12: MT_18A19035_260727 | O12: Pendiente | Q12: =IF($F12<>"Numérico","",IF($P12="","Sin dato",IF(AND(OR(NOT(ISNUMBER($I12)),$P12>=$I12),OR(NOT(ISNUMBER($J12)),$P12<=$J12)),"Dentro de rango","Fuera de rango")))
A13: 1.2.2 | B13: 1. Verificación funcional inicial | C13: 1.2 Identificación y trazabilidad | D13: Serial del espectrómetro | E13: El espectrómetro instalado corresponde al del equipo (no de otro monitor) | F13: Sí/No | H13: Debe corresponder | K13: Sí | L13: Sí | N13: MT_18A19035_260727 | O13: Pendiente | Q13: =IF($F13<>"Numérico","",IF($P13="","Sin dato",IF(AND(OR(NOT(ISNUMBER($I13)),$P13>=$I13),OR(NOT(ISNUMBER($J13)),$P13<=$J13)),"Dentro de rango","Fuera de rango")))
A14: 1.2.3 | B14: 1. Verificación funcional inicial | C14: 1.2 Identificación y trazabilidad | D14: Accesorios recibidos | E14: Inventario de accesorios: tubo de muestra, cabezal TSP, sensor T/HR, cables | F14: Texto | H14: Inventario completo | K14: Sí | L14: Sí | N14: MT_18A19035_260727 | O14: Pendiente | Q14: =IF($F14<>"Numérico","",IF($P14="","Sin dato",IF(AND(OR(NOT(ISNUMBER($I14)),$P14>=$I14),OR(NOT(ISNUMBER($J14)),$P14<=$J14)),"Dentro de rango","Fuera de rango")))
A15: 1.2.4 | B15: 1. Verificación funcional inicial | C15: 1.2 Identificación y trazabilidad | D15: Etiquetas físicas (Type Label / etiqueta de calibración) | E15: Presencia y legibilidad de la etiqueta de tipo y de la etiqueta de calibración vigente | F15: OK / No OK | H15: Presentes y legibles | K15: No | L15: Sí | N15: Service Training NEW v0.8 | O15: Pendiente | Q15: =IF($F15<>"Numérico","",IF($P15="","Sin dato",IF(AND(OR(NOT(ISNUMBER($I15)),$P15>=$I15),OR(NOT(ISNUMBER($J15)),$P15<=$J15)),"Dentro de rango","Fuera de rango")))
A16: 1.3.1 | B16: 1. Verificación funcional inicial | C16: 1.3 Estado de calibración | D16: Vigencia de calibración en Torre GRIMM | E16: Fecha de la última calibración en torre patrón | F16: Fecha | H16: Vigencia máxima 12 meses | K16: Sí | L16: No | M16: AMB-STCALENVIRO-01 | N16: MT_18A12051_260811 | O16: Pendiente | Q16: =IF($F16<>"Numérico","",IF($P16="","Sin dato",IF(AND(OR(NOT(ISNUMBER($I16)),$P16>=$I16),OR(NOT(ISNUMBER($J16)),$P16<=$J16)),"Dentro de rango","Fuera de rango")))
A17: 1.3.2 | B17: 1. Verificación funcional inicial | C17: 1.3 Estado de calibración | D17: Certificado disponible | E17: Existe certificado de la última calibración | F17: Sí/No | H17: Debe existir | K17: No | L17: No | N17: MT_18A19035_260727 | O17: Pendiente | Q17: =IF($F17<>"Numérico","",IF($P17="","Sin dato",IF(AND(OR(NOT(ISNUMBER($I17)),$P17>=$I17),OR(NOT(ISNUMBER($J17)),$P17<=$J17)),"Dentro de rango","Fuera de rango")))
A18: 1.3.3 | B18: 1. Verificación funcional inicial | C18: 1.3 Estado de calibración | D18: Desviación relativa de masa (verificación con aire ambiente) | E18: Diferencia entre el candidato y el espectrómetro de referencia al verificar con aire ambiente tras la calibración en torre | F18: Numérico | G18: % o µg/m³ | H18: Criterio de fábrica: ±3% o ±2µg/m³. Criterio para cliente/campo: ±5% o ±2µg/m³ (correo GRIMM 25-nov-2021) | I18: -5 | J18: 5 | K18: Sí | L18: Sí | N18: Correo EDM180C Calibration desviación (nov-2021) | O18: Pendiente | Q18: =IF($F18<>"Numérico","",IF($P18="","Sin dato",IF(AND(OR(NOT(ISNUMBER($I18)),$P18>=$I18),OR(NOT(ISNUMBER($J18)),$P18<=$J18)),"Dentro de rango","Fuera de rango"))) -> Sin dato
A19: 2.1.1 | B19: 2. Línea de muestreo y cabezal | C19: 2.1 Cabezal TSP | D19: Estado físico del cabezal | E19: Golpes, deformación, corrosión del cabezal TSP | F19: OK / No OK | H19: Sin deformación ni corrosión | K19: Sí | L19: Sí | N19: MT_18A20087_260512 | O19: Pendiente | Q19: =IF($F19<>"Numérico","",IF($P19="","Sin dato",IF(AND(OR(NOT(ISNUMBER($I19)),$P19>=$I19),OR(NOT(ISNUMBER($J19)),$P19<=$J19)),"Dentro de rango","Fuera de rango")))
A20: 2.1.2 | B20: 2. Línea de muestreo y cabezal | C20: 2.1 Cabezal TSP | D20: Tornillo de seguridad del cabezal | E20: Presencia y estado del tornillo de seguridad del cabezal TSP | F20: Presente / Ausente | H20: Debe estar presente | K20: Sí | L20: Sí | M20: M02M2X4D912A4 | N20: MT_18A20087_260512 | O20: Pendiente | Q20: =IF($F20<>"Numérico","",IF($P20="","Sin dato",IF(AND(OR(NOT(ISNUMBER($I20)),$P20>=$I20),OR(NOT(ISNUMBER($J20)),$P20<=$J20)),"Dentro de rango","Fuera de rango")))
A21: 2.1.3 | B21: 2. Línea de muestreo y cabezal | C21: 2.1 Cabezal TSP | D21: Limpieza interna del cabezal | E21: Acumulación de material particulado en el interior del cabezal | F21: OK / No OK | H21: Libre de acumulación | K21: Sí | L21: No | N21: MT_18A20087_260512 | O21: Pendiente | Q21: =IF($F21<>"Numérico","",IF($P21="","Sin dato",IF(AND(OR(NOT(ISNUMBER($I21)),$P21>=$I21),OR(NOT(ISNUMBER($J21)),$P21<=$J21)),"Dentro de rango","Fuera de rango")))
A22: 2.1.4 | B22: 2. Línea de muestreo y cabezal | C22: 2.1 Cabezal TSP | D22: Malla fly-mesh de la sonda | E22: Estado de la malla de protección (fly-mesh) del cabezal de muestreo | F22: OK / No OK | H22: Sin obstrucción ni rotura | K22: No | L22: No | N22: Service Training.pdf | O22: Pendiente | Q22: =IF($F22<>"Numérico","",IF($P22="","Sin dato",IF(AND(OR(NOT(ISNUMBER($I22)),$P22>=$I22),OR(NOT(ISNUMBER($J22)),$P22<=$J22)),"Dentro de rango","Fuera de rango")))
A23: 2.1.5 | B23: 2. Línea de muestreo y cabezal | C23: 2.1 Cabezal TSP | D23: Calefactor opcional del cabezal (head heater) | E23: Presencia y funcionamiento del calefactor opcional del cabezal de muestreo, en los equipos que lo incorporen | F23: Presente / Ausente | H23: Aplica solo si el equipo trae la opción instalada; de ser así, debe operar sin falla | K23: No | L23: No | N23: Service Training NEW v0.8 | O23: Pendiente | Q23: =IF($F23<>"Numérico","",IF($P23="","Sin dato",IF(AND(OR(NOT(ISNUMBER($I23)),$P23>=$I23),OR(NOT(ISNUMBER($J23)),$P23<=$J23)),"Dentro de rango","Fuera de rango")))
A24: 2.2.1 | B24: 2. Línea de muestreo y cabezal | C24: 2.2 Tubo de muestra (1.5 m) | D24: Rectitud del tubo | E24: Deformación o torcedura del tubo de muestra | F24: OK / No OK | H24: Sin deformación mecánica | K24: Sí | L24: Sí | M24: GR-TI-01 | N24: MT_18A12051_260811 | O24: Pendiente | Q24: =IF($F24<>"Numérico","",IF($P24="","Sin dato",IF(AND(OR(NOT(ISNUMBER($I24)),$P24>=$I24),OR(NOT(ISNUMBER($J24)),$P24<=$J24)),"Dentro de rango","Fuera de rango")))
A25: 2.2.2 | B25: 2. Línea de muestreo y cabezal | C25: 2.2 Tubo de muestra (1.5 m) | D25: Fugas internas | E25: Prueba de estanqueidad del tubo de muestra | F25: OK / No OK | H25: Sin fugas | K25: Sí | L25: No | N25: MT_18A12051_260811 | O25: Pendiente | Q25: =IF($F25<>"Numérico","",IF($P25="","Sin dato",IF(AND(OR(NOT(ISNUMBER($I25)),$P25>=$I25),OR(NOT(ISNUMBER($J25)),$P25<=$J25)),"Dentro de rango","Fuera de rango")))
A26: 2.2.3 | B26: 2. Línea de muestreo y cabezal | C26: 2.2 Tubo de muestra (1.5 m) | D26: Estructura interna de bronce | E26: Integridad de la estructura de bronce y su base respecto a las líneas neumáticas | F26: OK / No OK | H26: Base unida a las líneas neumáticas | K26: Sí | L26: Sí | M26: GR-TI-01 | N26: MT_18A12051_260811 | O26: Pendiente | Q26: =IF($F26<>"Numérico","",IF($P26="","Sin dato",IF(AND(OR(NOT(ISNUMBER($I26)),$P26>=$I26),OR(NOT(ISNUMBER($J26)),$P26<=$J26)),"Dentro de rango","Fuera de rango")))
A27: 2.2.4 | B27: 2. Línea de muestreo y cabezal | C27: 2.2 Tubo de muestra (1.5 m) | D27: Tornillería del tubo | E27: Deformación mecánica de la tornillería del tubo de muestra | F27: OK / No OK | H27: Sin deformación | K27: Sí | L27: Sí | M27: 4037489 / M00M3X3D913A2 | N27: MT_18A20087_260512 | O27: Pendiente | Q27: =IF($F27<>"Numérico","",IF($P27="","Sin dato",IF(AND(OR(NOT(ISNUMBER($I27)),$P27>=$I27),OR(NOT(ISNUMBER($J27)),$P27<=$J27)),"Dentro de rango","Fuera de rango")))
A28: 2.2.5 | B28: 2. Línea de muestreo y cabezal | C28: 2.2 Tubo de muestra (1.5 m) | D28: O-Ring de la boquilla de entrada | E28: Desgaste de la junta tórica interna de la boquilla de ingreso de muestreo | F28: OK / No OK | H28: Sin desgaste que genere fuga | K28: Sí | L28: Sí | M28: C0004x1 | N28: MT_18A21062_260227 | O28: Pendiente | Q28: =IF($F28<>"Numérico","",IF($P28="","Sin dato",IF(AND(OR(NOT(ISNUMBER($I28)),$P28>=$I28),OR(NOT(ISNUMBER($J28)),$P28<=$J28)),"Dentro de rango","Fuera de rango")))
A29: 2.2.6 | B29: 2. Línea de muestreo y cabezal | C29: 2.2 Tubo de muestra (1.5 m) | D29: Soporte del tubo (Sample Pipe Holder) y tornillo de fijación | E29: Presencia y estado del soporte que fija el tubo de muestra y de su tornillo de fijación | F29: OK / No OK | H29: Presente y firme | K29: Sí | L29: Sí | N29: Service Training NEW v0.8 | O29: Pendiente | Q29: =IF($F29<>"Numérico","",IF($P29="","Sin dato",IF(AND(OR(NOT(ISNUMBER($I29)),$P29>=$I29),OR(NOT(ISNUMBER($J29)),$P29<=$J29)),"Dentro de rango","Fuera de rango")))
A30: 2.3.1 | B30: 2. Línea de muestreo y cabezal | C30: 2.3 Protección contra intemperie | D30: Rain protector / deflector | E30: Presencia e integridad del protector de lluvia del tubo de muestra | F30: Presente / Ausente | H30: Presente y sin roturas | K30: Sí | L30: Sí | M30: 4019827 | N30: MT_18A20087_260512 | O30: Pendiente | Q30: =IF($F30<>"Numérico","",IF($P30="","Sin dato",IF(AND(OR(NOT(ISNUMBER($I30)),$P30>=$I30),OR(NOT(ISNUMBER($J30)),$P30<=$J30)),"Dentro de rango","Fuera de rango")))
A31: 2.3.2 | B31: 2. Línea de muestreo y cabezal | C31: 2.3 Protección contra intemperie | D31: Acople de sellado tubo–shelter | E31: Acople de protección para filtrado de agua hacia el shelter | F31: OK / No OK | H31: Acople original instalado | K31: Sí | L31: Sí | N31: MT_18A20087_260512 | O31: Pendiente | Q31: =IF($F31<>"Numérico","",IF($P31="","Sin dato",IF(AND(OR(NOT(ISNUMBER($I31)),$P31>=$I31),OR(NOT(ISNUMBER($J31)),$P31<=$J31)),"Dentro de rango","Fuera de rango")))
A32: 2.3.3 | B32: 2. Línea de muestreo y cabezal | C32: 2.3 Protección contra intemperie | D32: Sellados provisionales | E32: Uso de cinta u otros sellos provisionales en la conexión | F32: Sí/No | H32: No debe haber sellos provisionales | K32: Sí | L32: Sí | N32: MT_18A20087_260512 | O32: Pendiente | Q32: =IF($F32<>"Numérico","",IF($P32="","Sin dato",IF(AND(OR(NOT(ISNUMBER($I32)),$P32>=$I32),OR(NOT(ISNUMBER($J32)),$P32<=$J32)),"Dentro de rango","Fuera de rango")))
A33: 2.3.4 | B33: 2. Línea de muestreo y cabezal | C33: 2.3 Protección contra intemperie | D33: Paso de techo (roof lead through) | E33: Estado del pasamuros/paso de techo por donde ingresa el tubo de muestra a la caseta | F33: OK / No OK | H33: Sellado y sin daño | K33: Sí | L33: Sí | N33: Service Training NEW v0.8 | O33: Pendiente | Q33: =IF($F33<>"Numérico","",IF($P33="","Sin dato",IF(AND(OR(NOT(ISNUMBER($I33)),$P33>=$I33),OR(NOT(ISNUMBER($J33)),$P33<=$J33)),"Dentro de rango","Fuera de rango")))
A34: 2.4.1 | B34: 2. Línea de muestreo y cabezal | C34: 2.4 Secador Nafion y drenaje | D34: Estado del Nafion | E34: Deterioro del secador Nafion integrado | F34: OK / No OK | H34: Sin deterioro | K34: Sí | L34: Sí | N34: MT_18A12051_260811 | O34: Pendiente | Q34: =IF($F34<>"Numérico","",IF($P34="","Sin dato",IF(AND(OR(NOT(ISNUMBER($I34)),$P34>=$I34),OR(NOT(ISNUMBER($J34)),$P34<=$J34)),"Dentro de rango","Fuera de rango")))
A35: 2.4.2 | B35: 2. Línea de muestreo y cabezal | C35: 2.4 Secador Nafion y drenaje | D35: Water drain | E35: Drenaje de agua despejado y operativo | F35: OK / No OK | H35: Despejado | K35: Sí | L35: No | N35: MT_18A12051_260811 | O35: Pendiente | Q35: =IF($F35<>"Numérico","",IF($P35="","Sin dato",IF(AND(OR(NOT(ISNUMBER($I35)),$P35>=$I35),OR(NOT(ISNUMBER($J35)),$P35<=$J35)),"Dentro de rango","Fuera de rango")))
A36: 2.4.3 | B36: 2. Línea de muestreo y cabezal | C36: 2.4 Secador Nafion y drenaje | D36: Mangueras de la línea neumática | E36: Roturas, fisuras o endurecimiento de las mangueras | F36: OK / No OK | H36: Sin roturas | K36: Sí | L36: Sí | N36: MT_18A12051_260811 | O36: Pendiente | Q36: =IF($F36<>"Numérico","",IF($P36="","Sin dato",IF(AND(OR(NOT(ISNUMBER($I36)),$P36>=$I36),OR(NOT(ISNUMBER($J36)),$P36<=$J36)),"Dentro de rango","Fuera de rango")))
A37: 2.4.4 | B37: 2. Línea de muestreo y cabezal | C37: 2.4 Secador Nafion y drenaje | D37: Prueba de luz "First Aid" (obstrucción del tubo) | E37: Pasar una luz LED por el tubo de muestra: la luz debe atravesarlo completo, sin bloqueos ni residuos visibles; limpiar con aire comprimido si hay obstrucción | F37: OK / No OK | H37: La luz debe pasar completa por el tubo | K37: No | L37: Sí | N37: Correo GRIMM EDM180 TEST FIRST AID 18A12046 | O37: Pendiente | Q37: =IF($F37<>"Numérico","",IF($P37="","Sin dato",IF(AND(OR(NOT(ISNUMBER($I37)),$P37>=$I37),OR(NOT(ISNUMBER($J37)),$P37<=$J37)),"Dentro de rango","Fuera de rango")))
A38: 2.4.5 | B38: 2. Línea de muestreo y cabezal | C38: 2.4 Secador Nafion y drenaje | D38: Trampa de agua y racor de salida (water trap / condensate outlet) | E38: Integridad física de la trampa de agua y del racor de salida de condensado, como componentes distintos del secador Nafion | F38: OK / No OK | H38: Sin daño ni fugas | K38: No | L38: No | N38: Service Training NEW v0.8 | O38: Pendiente | Q38: =IF($F38<>"Numérico","",IF($P38="","Sin dato",IF(AND(OR(NOT(ISNUMBER($I38)),$P38>=$I38),OR(NOT(ISNUMBER($J38)),$P38<=$J38)),"Dentro de rango","Fuera de rango")))
A39: 3.1.1 | B39: 3. Sistema neumático y etapa de secado | C39: 3.1 Bombas (vacío/secado y muestra) | D39: Flujo de la bomba de secado (vacuum flow) | E39: Medición del flujo de la bomba de secado en la salida de condensado (condensate outlet) | F39: Numérico | G39: L/min | H39: Manual: ~1,8 L/min (válvula de aguja, equipos antiguos) o 2,0-2,2 L/min (tobera crítica, desde 2004). Service Training: 2,0 ±0,1 L/min. 2,45 L/min se registró en campo como valor cercano al límite de reemplazo | I39: 1.8 | J39: 2.3 | K39: Sí | L39: No | M39: 1205273 | N39: SER-MAN DUST MONITOR 180 / Service Training.pdf / MT_18A24064_260609 | O39: Requiere reemplazo | P39: 2.45 | Q39: =IF($F39<>"Numérico","",IF($P39="","Sin dato",IF(AND(OR(NOT(ISNUMBER($I39)),$P39>=$I39),OR(NOT(ISNUMBER($J39)),$P39<=$J39)),"Dentro de rango","Fuera de rango"))) -> Fuera de rango | R39: Sí | S39: EJEMPLO — Flujo en el límite superior del rango; desgaste en el empaque del pistón. Borrar antes de usar el formato.
A40: 3.1.2 | B40: 3. Sistema neumático y etapa de secado | C40: 3.1 Bombas (vacío/secado y muestra) | D40: Estado del kit de la bomba (bomba de vacío/secado) | E40: Desgaste de los componentes internos del kit de la bomba de vacío | F40: OK / No OK | H40: Sin desgaste significativo | K40: Sí | L40: Sí | M40: 1205273 | N40: MT_18A20087_260512 | O40: Pendiente | Q40: =IF($F40<>"Numérico","",IF($P40="","Sin dato",IF(AND(OR(NOT(ISNUMBER($I40)),$P40>=$I40),OR(NOT(ISNUMBER($J40)),$P40<=$J40)),"Dentro de rango","Fuera de rango")))
A41: 3.1.3 | B41: 3. Sistema neumático y etapa de secado | C41: 3.1 Bombas (vacío/secado y muestra) | D41: Empaque del pistón (sealing sleeve) de la bomba de vacío/secado | E41: Desgaste del empaque del pistón de la bomba de secado | F41: OK / No OK | H41: Sin desgaste | K41: Sí | L41: Sí | M41: 1204480 | N41: MT_18A24064_260609 | O41: Pendiente | Q41: =IF($F41<>"Numérico","",IF($P41="","Sin dato",IF(AND(OR(NOT(ISNUMBER($I41)),$P41>=$I41),OR(NOT(ISNUMBER($J41)),$P41<=$J41)),"Dentro de rango","Fuera de rango")))
A42: 3.1.4 | B42: 3. Sistema neumático y etapa de secado | C42: 3.1 Bombas (vacío/secado y muestra) | D42: Ruido y vibración de la bomba de vacío/secado | E42: Ruido o vibración anómala de la bomba | F42: OK / No OK | H42: Sin ruido anómalo | K42: No | L42: No | N42: Derivado | O42: Pendiente | Q42: =IF($F42<>"Numérico","",IF($P42="","Sin dato",IF(AND(OR(NOT(ISNUMBER($I42)),$P42>=$I42),OR(NOT(ISNUMBER($J42)),$P42<=$J42)),"Dentro de rango","Fuera de rango")))
A43: 3.1.5 | B43: 3. Sistema neumático y etapa de secado | C43: 3.1 Bombas (vacío/secado y muestra) | D43: Bomba de muestra (Sample Pump) | E43: El equipo incorpora una bomba de muestra física, distinta de la bomba de vacío/secado (ítems 3.1.1-3.1.4); verificar presencia, fijación y funcionamiento | F43: OK / No OK | H43: Operativa, sin fugas ni ruido anómalo | K43: Sí | L43: Sí | N43: Service Training NEW v0.8 | O43: Pendiente | Q43: =IF($F43<>"Numérico","",IF($P43="","Sin dato",IF(AND(OR(NOT(ISNUMBER($I43)),$P43>=$I43),OR(NOT(ISNUMBER($J43)),$P43<=$J43)),"Dentro de rango","Fuera de rango")))
A44: 3.1.6 | B44: 3. Sistema neumático y etapa de secado | C44: 3.1 Bombas (vacío/secado y muestra) | D44: Depósito de compensación (Compensating Reservoir) | E44: Presencia e integridad del depósito de compensación del circuito neumático | F44: Presente / Ausente | H44: Presente, sin daño | K44: No | L44: No | N44: Service Training NEW v0.8 | O44: Pendiente | Q44: =IF($F44<>"Numérico","",IF($P44="","Sin dato",IF(AND(OR(NOT(ISNUMBER($I44)),$P44>=$I44),OR(NOT(ISNUMBER($J44)),$P44<=$J44)),"Dentro de rango","Fuera de rango")))
A45: 3.2.1 | B45: 3. Sistema neumático y etapa de secado | C45: 3.2 Instrumentación de presión | D45: Manómetro de vacío | E45: El manómetro entrega lectura y no presenta falla mecánica | F45: OK / No OK | H45: Debe entregar lectura | K45: Sí | L45: Sí | M45: 1201007 | N45: MT_18A19035_260727 | O45: Pendiente | Q45: =IF($F45<>"Numérico","",IF($P45="","Sin dato",IF(AND(OR(NOT(ISNUMBER($I45)),$P45>=$I45),OR(NOT(ISNUMBER($J45)),$P45<=$J45)),"Dentro de rango","Fuera de rango")))
A46: 3.2.2 | B46: 3. Sistema neumático y etapa de secado | C46: 3.2 Instrumentación de presión | D46: Presión negativa de succión (vacío) | E46: Presión negativa generada por la etapa de secado, leída en el manómetro/sensor de vacío | F46: Numérico | G46: kPa | H46: -60 ±10 kPa (Service Training); rango técnico general del equipo 0 a -30 mBar | I46: -70 | J46: -50 | K46: Sí | L46: No | N46: Service Training.pdf | O46: Pendiente | Q46: =IF($F46<>"Numérico","",IF($P46="","Sin dato",IF(AND(OR(NOT(ISNUMBER($I46)),$P46>=$I46),OR(NOT(ISNUMBER($J46)),$P46<=$J46)),"Dentro de rango","Fuera de rango"))) -> Sin dato
A47: 3.2.3 | B47: 3. Sistema neumático y etapa de secado | C47: 3.2 Instrumentación de presión | D47: Presostatos (pressure switches) | E47: Operatividad de los presostatos del circuito neumático (hasta tres, según Service Training NEW) | F47: OK / No OK | H47: Deben conmutar correctamente | K47: No | L47: No | N47: Service Training NEW v0.8 | O47: Pendiente | Q47: =IF($F47<>"Numérico","",IF($P47="","Sin dato",IF(AND(OR(NOT(ISNUMBER($I47)),$P47>=$I47),OR(NOT(ISNUMBER($J47)),$P47<=$J47)),"Dentro de rango","Fuera de rango")))
A48: 3.3.1 | B48: 3. Sistema neumático y etapa de secado | C48: 3.3 Estanqueidad | D48: Prueba de fugas del circuito (test de presión) | E48: Cargar el circuito a 80 mmHg con tensiómetro y verificar la caída de presión | F48: Numérico | G48: mmHg | H48: Manual: la caída no debe superar 2 mmHg en 10 s. Service Training: el sistema es estanco si tras 20 s queda por encima de 60 mmHg | I48: 60 | J48: 80 | K48: Sí | L48: No | N48: SER-MAN DUST MONITOR 180 / Service Training.pdf | O48: Pendiente | Q48: =IF($F48<>"Numérico","",IF($P48="","Sin dato",IF(AND(OR(NOT(ISNUMBER($I48)),$P48>=$I48),OR(NOT(ISNUMBER($J48)),$P48<=$J48)),"Dentro de rango","Fuera de rango"))) -> Sin dato
A49: 3.3.2 | B49: 3. Sistema neumático y etapa de secado | C49: 3.3 Estanqueidad | D49: O-Rings y conectores del holder | E49: Estado de los O-Rings y conectores del cabezal de muestra (holder) | F49: OK / No OK | H49: Sin desgaste | K49: Sí | L49: Sí | M49: C0004x1.2N70 / 1201011 | N49: MT_18A12051_260811 | O49: Pendiente | Q49: =IF($F49<>"Numérico","",IF($P49="","Sin dato",IF(AND(OR(NOT(ISNUMBER($I49)),$P49>=$I49),OR(NOT(ISNUMBER($J49)),$P49<=$J49)),"Dentro de rango","Fuera de rango")))
A50: 3.3.3 | B50: 3. Sistema neumático y etapa de secado | C50: 3.3 Estanqueidad | D50: Alerta "Dryer" | E50: Alerta activa de la etapa de secado en el equipo | F50: Sí/No | H50: No debe estar activa | K50: Sí | L50: Sí | N50: MT_18A21062_260227 | O50: Pendiente | Q50: =IF($F50<>"Numérico","",IF($P50="","Sin dato",IF(AND(OR(NOT(ISNUMBER($I50)),$P50>=$I50),OR(NOT(ISNUMBER($J50)),$P50<=$J50)),"Dentro de rango","Fuera de rango")))
A51: 3.4.1 | B51: 3. Sistema neumático y etapa de secado | C51: 3.4 Flujo de muestra y válvulas | D51: Flujo de muestra (sample flow) | E51: Caudal de aire de muestreo medido en operación normal | F51: Numérico | G51: L/min | H51: 1,2 L/min ±3% (Service Training); manual: no debe desviarse más de 0,02 L/min de 1,20 L/min | I51: 1.16 | J51: 1.24 | K51: Sí | L51: No | N51: Service Training.pdf / SER-MAN DUST MONITOR 180 | O51: Pendiente | Q51: =IF($F51<>"Numérico","",IF($P51="","Sin dato",IF(AND(OR(NOT(ISNUMBER($I51)),$P51>=$I51),OR(NOT(ISNUMBER($J51)),$P51<=$J51)),"Dentro de rango","Fuera de rango"))) -> Sin dato
A52: 3.4.2 | B52: 3. Sistema neumático y etapa de secado | C52: 3.4 Flujo de muestra y válvulas | D52: Voltaje de la válvula proporcional (P-Valve) | E52: Tensión de control de la válvula proporcional del circuito de flujo | F52: Numérico | G52: V | H52: Service Training: 3,7 ±0,4 V. Manual: ~6,5 V en medición (aceptable 6-7 V), ~4,5 V en arranque. Valores no reconciliados entre fuentes: verificar según generación del equipo | I52: 3.3 | J52: 7 | K52: No | L52: No | N52: Service Training.pdf / SER-MAN DUST MONITOR 180 | O52: Pendiente | Q52: =IF($F52<>"Numérico","",IF($P52="","Sin dato",IF(AND(OR(NOT(ISNUMBER($I52)),$P52>=$I52),OR(NOT(ISNUMBER($J52)),$P52<=$J52)),"Dentro de rango","Fuera de rango"))) -> Sin dato
A53: 3.4.3 | B53: 3. Sistema neumático y etapa de secado | C53: 3.4 Flujo de muestra y válvulas | D53: Controlador de aire de purga (Rinsing Air Controller) | E53: Flujo del aire de purga/barrido del controlador RAC y su filtro asociado | F53: Numérico | G53: L/min | H53: 0,3-0,5 L/min; chequeo anual | I53: 0.3 | J53: 0.5 | K53: No | L53: No | N53: SER-MAN DUST MONITOR 180 / Service Training.pdf | O53: Pendiente | Q53: =IF($F53<>"Numérico","",IF($P53="","Sin dato",IF(AND(OR(NOT(ISNUMBER($I53)),$P53>=$I53),OR(NOT(ISNUMBER($J53)),$P53<=$J53)),"Dentro de rango","Fuera de rango"))) -> Sin dato
A54: 3.4.4 | B54: 3. Sistema neumático y etapa de secado | C54: 3.4 Flujo de muestra y válvulas | D54: Flujo en modo self-test | E54: Flujo mostrado durante el ciclo de autodiagnóstico (self-test) del equipo | F54: Numérico | G54: L/min | H54: Debe ser 0,0 L/min (o 0,3 L/min según variante); si no, revisar estanqueidad o la válvula | I54: 0 | J54: 0.3 | K54: No | L54: Sí | N54: Correo GRIMM EDM180 TEST FIRST AID 18A12046 / Correo Flow Error 18A12047 | O54: Pendiente | Q54: =IF($F54<>"Numérico","",IF($P54="","Sin dato",IF(AND(OR(NOT(ISNUMBER($I54)),$P54>=$I54),OR(NOT(ISNUMBER($J54)),$P54<=$J54)),"Dentro de rango","Fuera de rango"))) -> Sin dato
A55: 3.4.5 | B55: 3. Sistema neumático y etapa de secado | C55: 3.4 Flujo de muestra y válvulas | D55: Válvula de autodiagnóstico (Valve Selftest) | E55: Operatividad de la válvula dedicada al ciclo de self-test, distinta de la válvula proporcional (P-Valve) | F55: OK / No OK | H55: Debe abrir y cerrar correctamente durante el self-test | K55: No | L55: No | N55: Service Training NEW v0.8 | O55: Pendiente | Q55: =IF($F55<>"Numérico","",IF($P55="","Sin dato",IF(AND(OR(NOT(ISNUMBER($I55)),$P55>=$I55),OR(NOT(ISNUMBER($J55)),$P55<=$J55)),"Dentro de rango","Fuera de rango")))
A56: 3.4.6 | B56: 3. Sistema neumático y etapa de secado | C56: 3.4 Flujo de muestra y válvulas | D56: Filtro de aire de purga (Rinsing Air Filter) | E56: Estado y colmatación del filtro asociado al controlador de aire de purga (RAC, ítem 3.4.3) | F56: OK / No OK | H56: Sin colmatación | K56: No | L56: No | N56: Service Training NEW v0.8 | O56: Pendiente | Q56: =IF($F56<>"Numérico","",IF($P56="","Sin dato",IF(AND(OR(NOT(ISNUMBER($I56)),$P56>=$I56),OR(NOT(ISNUMBER($J56)),$P56<=$J56)),"Dentro de rango","Fuera de rango")))
A57: 4.1.1 | B57: 4. Espectrómetro: cámara de medida y óptica | C57: 4.1 Estado del recinto | D57: Humedad / condensación | E57: Presencia de humedad o condensación en el gabinete del espectrómetro | F57: Sí/No | H57: Ausencia de humedad | K57: Sí | L57: Sí | N57: MT_18A18033_260108 | O57: Pendiente | Q57: =IF($F57<>"Numérico","",IF($P57="","Sin dato",IF(AND(OR(NOT(ISNUMBER($I57)),$P57>=$I57),OR(NOT(ISNUMBER($J57)),$P57<=$J57)),"Dentro de rango","Fuera de rango")))
A58: 4.1.2 | B58: 4. Espectrómetro: cámara de medida y óptica | C58: 4.1 Estado del recinto | D58: Óxido y corrosión | E58: Óxido o corrosión en componentes internos por ingreso de humedad | F58: Sí/No | H58: Sin óxido ni corrosión | K58: Sí | L58: Sí | N58: MT_18A18033_260108 | O58: Pendiente | Q58: =IF($F58<>"Numérico","",IF($P58="","Sin dato",IF(AND(OR(NOT(ISNUMBER($I58)),$P58>=$I58),OR(NOT(ISNUMBER($J58)),$P58<=$J58)),"Dentro de rango","Fuera de rango")))
A59: 4.1.3 | B59: 4. Espectrómetro: cámara de medida y óptica | C59: 4.1 Estado del recinto | D59: Limpieza de la cámara de medida | E59: Necesidad de limpieza integral de la cámara de medición | F59: OK / No OK | H59: Cámara limpia | K59: Sí | L59: Sí | N59: MT_18A24064_260609 | O59: Pendiente | Q59: =IF($F59<>"Numérico","",IF($P59="","Sin dato",IF(AND(OR(NOT(ISNUMBER($I59)),$P59>=$I59),OR(NOT(ISNUMBER($J59)),$P59<=$J59)),"Dentro de rango","Fuera de rango")))
A60: 4.2.1 | B60: 4. Espectrómetro: cámara de medida y óptica | C60: 4.2 Componentes ópticos | D60: Espejo y tornillo del espejo | E60: Estado del espejo y de su O-Ring de montaje | F60: OK / No OK | H60: Sin daño ni fuga | K60: Sí | L60: Sí | M60: C00014x2.5NBR70 | N60: MT_18A20087_260512 | O60: Pendiente | Q60: =IF($F60<>"Numérico","",IF($P60="","Sin dato",IF(AND(OR(NOT(ISNUMBER($I60)),$P60>=$I60),OR(NOT(ISNUMBER($J60)),$P60<=$J60)),"Dentro de rango","Fuera de rango")))
A61: 4.2.2 | B61: 4. Espectrómetro: cámara de medida y óptica | C61: 4.2 Componentes ópticos | D61: Manchas en la óptica | E61: Manchas o suciedad que generen ruido electrónico en la medida | F61: Sí/No | H61: Óptica libre de manchas | K61: Sí | L61: Sí | N61: MT_18A20034_250703_Mantenimiento | O61: Pendiente | Q61: =IF($F61<>"Numérico","",IF($P61="","Sin dato",IF(AND(OR(NOT(ISNUMBER($I61)),$P61>=$I61),OR(NOT(ISNUMBER($J61)),$P61<=$J61)),"Dentro de rango","Fuera de rango")))
A62: 4.2.3 | B62: 4. Espectrómetro: cámara de medida y óptica | C62: 4.2 Componentes ópticos | D62: Boquilla de ingreso de material particulado | E62: Estado de la boquilla y su sello neumático | F62: OK / No OK | H62: Sello neumático íntegro | K62: Sí | L62: Sí | M62: C0004x1 | N62: MT_18A18033_260108 | O62: Pendiente | Q62: =IF($F62<>"Numérico","",IF($P62="","Sin dato",IF(AND(OR(NOT(ISNUMBER($I62)),$P62>=$I62),OR(NOT(ISNUMBER($J62)),$P62<=$J62)),"Dentro de rango","Fuera de rango")))
A63: 4.3.1 | B63: 4. Espectrómetro: cámara de medida y óptica | C63: 4.3 Unidad láser | D63: Corriente de operación en alta (La_h) | E63: Corriente del diodo láser en alta según software Diagnosis GRIMM | F63: Numérico | G63: mA | H63: Ningún documento de referencia (manual, Service Training) da el valor máximo en mA; ver también ítem de potencia óptica (mW) como criterio alternativo | I63: PENDIENTE DE VALIDAR | J63: PENDIENTE DE VALIDAR | K63: Sí | L63: Sí | M63: X187LDRVR-R | N63: MT_18A24064_260609 — PENDIENTE DE VALIDAR | O63: Pendiente | Q63: =IF($F63<>"Numérico","",IF($P63="","Sin dato",IF(AND(OR(NOT(ISNUMBER($I63)),$P63>=$I63),OR(NOT(ISNUMBER($J63)),$P63<=$J63)),"Dentro de rango","Fuera de rango"))) -> Sin dato
A64: 4.3.2 | B64: 4. Espectrómetro: cámara de medida y óptica | C64: 4.3 Unidad láser | D64: Valores K-Line: DC_h y DC_diff | E64: Lectura de DC_h y DC_diff (DC_h menos DC_d) en el diagnóstico del láser | F64: Numérico | G64: mV | H64: DC_h debe ser menor a 500,0 mV; DC_diff (DC_h - DC_d) debe ser menor a 100,0 mV | J64: 500 | K64: Sí | L64: Sí | N64: Service Training.pdf | O64: Pendiente | Q64: =IF($F64<>"Numérico","",IF($P64="","Sin dato",IF(AND(OR(NOT(ISNUMBER($I64)),$P64>=$I64),OR(NOT(ISNUMBER($J64)),$P64<=$J64)),"Dentro de rango","Fuera de rango"))) -> Sin dato
A65: 4.3.5 | B65: 4. Espectrómetro: cámara de medida y óptica | C65: 4.3 Unidad láser | D65: Potencia óptica del láser | E65: Potencia óptica medida en alta y en baja (modo dúplex) | F65: Numérico | G65: mW | H65: Alta: 30 ±10 mW. Baja: 0,4 ±0,1 mW. Potencia máxima de fábrica 60 mW; clase láser 3B (máx. 500 mW, 660 nm) | I65: 20 | J65: 40 | K65: No | L65: Sí | M65: X187LDRVR-R | N65: Service Training.pdf | O65: Pendiente | Q65: =IF($F65<>"Numérico","",IF($P65="","Sin dato",IF(AND(OR(NOT(ISNUMBER($I65)),$P65>=$I65),OR(NOT(ISNUMBER($J65)),$P65<=$J65)),"Dentro de rango","Fuera de rango"))) -> Sin dato
A66: 4.3.3 | B66: 4. Espectrómetro: cámara de medida y óptica | C66: 4.3 Unidad láser | D66: Respuesta a verificación con dolomita | E66: El láser reacciona durante el procedimiento de verificación con dolomita | F66: OK / No OK | H66: Debe presentar reacción | K66: Sí | L66: No | M66: X187LDRVR-R | N66: MT_18A20087_260512 | O66: Pendiente | Q66: =IF($F66<>"Numérico","",IF($P66="","Sin dato",IF(AND(OR(NOT(ISNUMBER($I66)),$P66>=$I66),OR(NOT(ISNUMBER($J66)),$P66<=$J66)),"Dentro de rango","Fuera de rango")))
A67: 4.3.4 | B67: 4. Espectrómetro: cámara de medida y óptica | C67: 4.3 Unidad láser | D67: Capacidad de ajuste de potenciómetros | E67: Los potenciómetros permiten llevar la ganancia al rango operativo | F67: Sí/No | H67: Debe permitir el ajuste | K67: Sí | L67: Sí | M67: X187LDRVR-R | N67: MT_18A20087_260512 | O67: Pendiente | Q67: =IF($F67<>"Numérico","",IF($P67="","Sin dato",IF(AND(OR(NOT(ISNUMBER($I67)),$P67>=$I67),OR(NOT(ISNUMBER($J67)),$P67<=$J67)),"Dentro de rango","Fuera de rango")))
A68: 4.4.1 | B68: 4. Espectrómetro: cámara de medida y óptica | C68: 4.4 Pruebas funcionales del espectrómetro | D68: Prueba de filtro cero (0-Filter) | E68: Colocar filtro de partículas cero en la entrada y verificar el conteo | F68: OK / No OK | H68: Todos los conteos deben ser cero | K68: Sí | L68: Sí | N68: Service Training.pdf / Correo EDM180C fault (dic-2021) | O68: Pendiente | Q68: =IF($F68<>"Numérico","",IF($P68="","Sin dato",IF(AND(OR(NOT(ISNUMBER($I68)),$P68>=$I68),OR(NOT(ISNUMBER($J68)),$P68<=$J68)),"Dentro de rango","Fuera de rango")))
A69: 4.4.2 | B69: 4. Espectrómetro: cámara de medida y óptica | C69: 4.4 Pruebas funcionales del espectrómetro | D69: Trampa de luz (light-trap) | E69: Limpieza y estado del vidrio especial de la trampa de luz de la cámara de medida | F69: OK / No OK | H69: Limpio, sin residuos; limpiar con alcohol | K69: No | L69: Sí | N69: SER-MAN DUST MONITOR 180 | O69: Pendiente | Q69: =IF($F69<>"Numérico","",IF($P69="","Sin dato",IF(AND(OR(NOT(ISNUMBER($I69)),$P69>=$I69),OR(NOT(ISNUMBER($J69)),$P69<=$J69)),"Dentro de rango","Fuera de rango")))
A70: 4.4.3 | B70: 4. Espectrómetro: cámara de medida y óptica | C70: 4.4 Pruebas funcionales del espectrómetro | D70: Preamplificador y fotodiodo del detector | E70: Corrosión o daño visible en el fotodiodo/preamplificador dentro de la cámara de medida | F70: OK / No OK | H70: Sin corrosión; CO_h/CO_d anormalmente altos indican problema aquí. Reparación solo en fábrica (Alemania) | K70: No | L70: Sí | N70: Correo EDM180C fault (dic-2021) | O70: Pendiente | Q70: =IF($F70<>"Numérico","",IF($P70="","Sin dato",IF(AND(OR(NOT(ISNUMBER($I70)),$P70>=$I70),OR(NOT(ISNUMBER($J70)),$P70<=$J70)),"Dentro de rango","Fuera de rango")))
A71: 5.1.1 | B71: 5. Electrónica y control | C71: 5.1 Tarjetas | D71: Tarjeta digital del espectrómetro | E71: Operatividad de la tarjeta digital | F71: OK / No OK | H71: Debe permitir la operación del equipo | K71: Sí | L71: Sí | M71: X187486 | N71: MT_18A19035_260727 | O71: Pendiente | Q71: =IF($F71<>"Numérico","",IF($P71="","Sin dato",IF(AND(OR(NOT(ISNUMBER($I71)),$P71>=$I71),OR(NOT(ISNUMBER($J71)),$P71<=$J71)),"Dentro de rango","Fuera de rango")))
A72: 5.1.2 | B72: 5. Electrónica y control | C72: 5.1 Tarjetas | D72: Tarjeta análoga | E72: Estado y operatividad de la tarjeta análoga | F72: OK / No OK | H72: Operativa | K72: Sí | L72: Sí | N72: MT_18A19035_260727 | O72: Pendiente | Q72: =IF($F72<>"Numérico","",IF($P72="","Sin dato",IF(AND(OR(NOT(ISNUMBER($I72)),$P72>=$I72),OR(NOT(ISNUMBER($J72)),$P72<=$J72)),"Dentro de rango","Fuera de rango")))
A73: 5.1.3 | B73: 5. Electrónica y control | C73: 5.1 Tarjetas | D73: Aislante de apantallamiento | E73: Presencia del aislante entre la tarjeta digital y la análoga | F73: Presente / Ausente | H73: Debe estar presente (su ausencia genera ruido electrónico) | K73: Sí | L73: Sí | N73: MT_18A19035_260727 | O73: Pendiente | Q73: =IF($F73<>"Numérico","",IF($P73="","Sin dato",IF(AND(OR(NOT(ISNUMBER($I73)),$P73>=$I73),OR(NOT(ISNUMBER($J73)),$P73<=$J73)),"Dentro de rango","Fuera de rango")))
A74: 5.1.4 | B74: 5. Electrónica y control | C74: 5.1 Tarjetas | D74: Tarjeta driver del láser (Laser Driver Board) | E74: Estado y operatividad de la tarjeta que controla el diodo láser | F74: OK / No OK | H74: Operativa | K74: Sí | L74: Sí | N74: Service Training NEW v0.8 | O74: Pendiente | Q74: =IF($F74<>"Numérico","",IF($P74="","Sin dato",IF(AND(OR(NOT(ISNUMBER($I74)),$P74>=$I74),OR(NOT(ISNUMBER($J74)),$P74<=$J74)),"Dentro de rango","Fuera de rango")))
A75: 5.1.5 | B75: 5. Electrónica y control | C75: 5.1 Tarjetas | D75: Tarjeta del circuito LED | E75: Estado y operatividad de la tarjeta del circuito LED del equipo | F75: OK / No OK | H75: Operativa | K75: No | L75: No | N75: Service Training NEW v0.8 | O75: Pendiente | Q75: =IF($F75<>"Numérico","",IF($P75="","Sin dato",IF(AND(OR(NOT(ISNUMBER($I75)),$P75>=$I75),OR(NOT(ISNUMBER($J75)),$P75<=$J75)),"Dentro de rango","Fuera de rango")))
A76: 5.2.1 | B76: 5. Electrónica y control | C76: 5.2 Ajustes y ganancias | D76: Ganancia canal F | E76: Desviación de la ganancia del canal F respecto al espectrómetro de referencia | F76: Numérico | G76: % | H76: Entre -2 % y +5 % | I76: -2 | J76: 5 | K76: Sí | L76: Sí | N76: MT_18A24064_260609 | O76: Pendiente | Q76: =IF($F76<>"Numérico","",IF($P76="","Sin dato",IF(AND(OR(NOT(ISNUMBER($I76)),$P76>=$I76),OR(NOT(ISNUMBER($J76)),$P76<=$J76)),"Dentro de rango","Fuera de rango"))) -> Sin dato
A77: 5.2.2 | B77: 5. Electrónica y control | C77: 5.2 Ajustes y ganancias | D77: Ganancia canal G | E77: Desviación de la ganancia del canal G respecto al espectrómetro de referencia | F77: Numérico | G77: % | H77: Entre -2 % y +5 % | I77: -2 | J77: 5 | K77: Sí | L77: Sí | N77: MT_18A24064_260609 | O77: Pendiente | Q77: =IF($F77<>"Numérico","",IF($P77="","Sin dato",IF(AND(OR(NOT(ISNUMBER($I77)),$P77>=$I77),OR(NOT(ISNUMBER($J77)),$P77<=$J77)),"Dentro de rango","Fuera de rango"))) -> Sin dato
A78: 5.2.3 | B78: 5. Electrónica y control | C78: 5.2 Ajustes y ganancias | D78: Ajuste digital de ganancias (canales 0 a J) | E78: Desviación tras el ajuste digital de ganancias de los canales 0 a J, en Dolomita | F78: Numérico | G78: % | H78: ±2% (recomendado calibrar 1-2% hacia el lado negativo para compensar la verificación con aire ambiente) | I78: -2 | J78: 2 | K78: No | L78: Sí | N78: Correo EDM180C Calibration desviación (nov-2021) | O78: Pendiente | Q78: =IF($F78<>"Numérico","",IF($P78="","Sin dato",IF(AND(OR(NOT(ISNUMBER($I78)),$P78>=$I78),OR(NOT(ISNUMBER($J78)),$P78<=$J78)),"Dentro de rango","Fuera de rango"))) -> Sin dato
A79: 5.3.1 | B79: 5. Electrónica y control | C79: 5.3 Alimentación y memoria | D79: Batería 3V tarjeta PCMCIA | E79: Estado / tensión de la batería CR2025 | F79: Numérico | G79: V | H79: Tensión mínima 2,8 V | I79: 2.8 | J79: 3.3 | K79: Sí | L79: No | M79: CR2025 | N79: MT_18A20087_260512 | O79: Pendiente | Q79: =IF($F79<>"Numérico","",IF($P79="","Sin dato",IF(AND(OR(NOT(ISNUMBER($I79)),$P79>=$I79),OR(NOT(ISNUMBER($J79)),$P79<=$J79)),"Dentro de rango","Fuera de rango"))) -> Sin dato
A80: 5.3.2 | B80: 5. Electrónica y control | C80: 5.3 Alimentación y memoria | D80: Tarjeta PCMCIA / almacenamiento | E80: Lectura y escritura de datos en la tarjeta de memoria | F80: OK / No OK | H80: Debe leer y escribir | K80: Sí | L80: No | N80: MT_18A20087_260512 | O80: Pendiente | Q80: =IF($F80<>"Numérico","",IF($P80="","Sin dato",IF(AND(OR(NOT(ISNUMBER($I80)),$P80>=$I80),OR(NOT(ISNUMBER($J80)),$P80<=$J80)),"Dentro de rango","Fuera de rango")))
A81: 5.3.3 | B81: 5. Electrónica y control | C81: 5.3 Alimentación y memoria | D81: Cableado y conectores internos | E81: Estado de cableado, conectores y bornes internos | F81: OK / No OK | H81: Sin daño ni corrosión | K81: Sí | L81: Sí | N81: Derivado | O81: Pendiente | Q81: =IF($F81<>"Numérico","",IF($P81="","Sin dato",IF(AND(OR(NOT(ISNUMBER($I81)),$P81>=$I81),OR(NOT(ISNUMBER($J81)),$P81<=$J81)),"Dentro de rango","Fuera de rango")))
A82: 5.4.1 | B82: 5. Electrónica y control | C82: 5.4 Software de diagnóstico | D82: Lectura en Diagnosis GRIMM | E82: Los valores del software oficial indican operación correcta | F82: OK / No OK | H82: Valores dentro de rango | K82: Sí | L82: Sí | N82: MT_18A18033_260108 | O82: Pendiente | Q82: =IF($F82<>"Numérico","",IF($P82="","Sin dato",IF(AND(OR(NOT(ISNUMBER($I82)),$P82>=$I82),OR(NOT(ISNUMBER($J82)),$P82<=$J82)),"Dentro de rango","Fuera de rango")))
A83: 5.4.2 | B83: 5. Electrónica y control | C83: 5.4 Software de diagnóstico | D83: Captura del diagnóstico | E83: Se adjunta captura de pantalla del software de diagnóstico | F83: Sí/No | H83: Debe adjuntarse | K83: Sí | L83: Sí | N83: MT_18A21062_260227 | O83: Pendiente | Q83: =IF($F83<>"Numérico","",IF($P83="","Sin dato",IF(AND(OR(NOT(ISNUMBER($I83)),$P83>=$I83),OR(NOT(ISNUMBER($J83)),$P83<=$J83)),"Dentro de rango","Fuera de rango")))
A84: 5.5.1 | B84: 5. Electrónica y control | C84: 5.5 Reloj interno y trazabilidad | D84: Reloj interno (RTC) | E84: Persistencia de fecha y hora tras apagar el equipo; verificar en Hyperterminal esperando unos minutos | F84: OK / No OK | H84: Fecha/hora estable y correcta | K84: No | L84: No | M84: PCF8583F | N84: Correo Date and hour problem SN 18A18103 | O84: Pendiente | Q84: =IF($F84<>"Numérico","",IF($P84="","Sin dato",IF(AND(OR(NOT(ISNUMBER($I84)),$P84>=$I84),OR(NOT(ISNUMBER($J84)),$P84<=$J84)),"Dentro de rango","Fuera de rango")))
A85: 5.5.2 | B85: 5. Electrónica y control | C85: 5.5 Reloj interno y trazabilidad | D85: Batería del reloj interno | E85: Estado de la pila de litio del reloj interno (distinta de la batería de la tarjeta de memoria) | F85: OK / No OK | G85: V | H85: 3,6 V nominal (SL-389, 1AH) | I85: 3.2 | J85: 3.8 | K85: No | L85: No | M85: SL-389 | N85: SER-MAN DUST MONITOR 180 | O85: Pendiente | Q85: =IF($F85<>"Numérico","",IF($P85="","Sin dato",IF(AND(OR(NOT(ISNUMBER($I85)),$P85>=$I85),OR(NOT(ISNUMBER($J85)),$P85<=$J85)),"Dentro de rango","Fuera de rango")))
A86: 6.1.1 | B86: 6. Filtros y consumibles | C86: 6.1 Filtros | D86: Filtro de disposición 9933-05-BQ | E86: Colmatación y estado del filtro de disposición | F86: OK / No OK | H86: Sin colmatación | K86: Sí | L86: Sí | M86: J04993305BQ | N86: MT_18A20087_260512 | O86: Pendiente | Q86: =IF($F86<>"Numérico","",IF($P86="","Sin dato",IF(AND(OR(NOT(ISNUMBER($I86)),$P86>=$I86),OR(NOT(ISNUMBER($J86)),$P86<=$J86)),"Dentro de rango","Fuera de rango")))
A87: 6.1.2 | B87: 6. Filtros y consumibles | C87: 6.1 Filtros | D87: Fecha del último cambio de filtro | E87: Registro de la fecha del último reemplazo | F87: Fecha | H87: Según periodicidad del plan de mantenimiento | K87: No | L87: No | M87: J04993305BQ | N87: Derivado | O87: Pendiente | Q87: =IF($F87<>"Numérico","",IF($P87="","Sin dato",IF(AND(OR(NOT(ISNUMBER($I87)),$P87>=$I87),OR(NOT(ISNUMBER($J87)),$P87<=$J87)),"Dentro de rango","Fuera de rango")))
A88: 6.1.3 | B88: 6. Filtros y consumibles | C88: 6.1 Filtros | D88: Filtro principal de polvo (main dust filter) | E88: Colmatación del filtro principal, distinto del filtro de disposición | F88: OK / No OK | H88: Cambiar según carga acumulada: ~20.000 µg/120 días (filtro), ~40.000 µg/240 días (+ chequeo ventilador), ~60.000 µg/360 días (mantenimiento anual completo) | K88: No | L88: No | N88: Service Training.pdf | O88: Pendiente | Q88: =IF($F88<>"Numérico","",IF($P88="","Sin dato",IF(AND(OR(NOT(ISNUMBER($I88)),$P88>=$I88),OR(NOT(ISNUMBER($J88)),$P88<=$J88)),"Dentro de rango","Fuera de rango")))
A89: 6.1.4 | B89: 6. Filtros y consumibles | C89: 6.1 Filtros | D89: Filtro CQ de autodiagnóstico (CQ-Filter Selftest) | E89: Estado del filtro CQ dedicado al ciclo de self-test | F89: OK / No OK | H89: Sin colmatación | K89: No | L89: No | N89: Service Training NEW v0.8 | O89: Pendiente | Q89: =IF($F89<>"Numérico","",IF($P89="","Sin dato",IF(AND(OR(NOT(ISNUMBER($I89)),$P89>=$I89),OR(NOT(ISNUMBER($J89)),$P89<=$J89)),"Dentro de rango","Fuera de rango")))
A90: 6.1.5 | B90: 6. Filtros y consumibles | C90: 6.1 Filtros | D90: Filtro CQ de vacío (CQ-Filter Vacuum) | E90: Estado del filtro CQ dedicado a la etapa de vacío | F90: OK / No OK | H90: Sin colmatación | K90: No | L90: No | N90: Service Training NEW v0.8 | O90: Pendiente | Q90: =IF($F90<>"Numérico","",IF($P90="","Sin dato",IF(AND(OR(NOT(ISNUMBER($I90)),$P90>=$I90),OR(NOT(ISNUMBER($J90)),$P90<=$J90)),"Dentro de rango","Fuera de rango")))
A91: 6.1.6 | B91: 6. Filtros y consumibles | C91: 6.1 Filtros | D91: Reinicio del contador de filtro (umbral 60.000 µg) | E91: Verificar si el contador de carga del filtro alcanzó el umbral de 60.000 µg/360 días y, de ser así, reiniciarlo tras completar el mantenimiento anual | F91: Sí/No | H91: Reiniciar solo si se alcanzó el umbral y se completó el mantenimiento | K91: No | L91: No | N91: Service Training NEW v0.8 / Service Training.pdf | O91: Pendiente | Q91: =IF($F91<>"Numérico","",IF($P91="","Sin dato",IF(AND(OR(NOT(ISNUMBER($I91)),$P91>=$I91),OR(NOT(ISNUMBER($J91)),$P91<=$J91)),"Dentro de rango","Fuera de rango")))
A92: 6.2.1 | B92: 6. Filtros y consumibles | C92: 6.2 Juntas y sellos | D92: O-Ring 4x1 mm entrada de muestreo | E92: Estado de la junta tórica de la entrada de muestreo | F92: OK / No OK | H92: Sin desgaste | K92: Sí | L92: Sí | M92: C0004x1 | N92: MT_18A18033_260108 | O92: Pendiente | Q92: =IF($F92<>"Numérico","",IF($P92="","Sin dato",IF(AND(OR(NOT(ISNUMBER($I92)),$P92>=$I92),OR(NOT(ISNUMBER($J92)),$P92<=$J92)),"Dentro de rango","Fuera de rango")))
A93: 6.2.2 | B93: 6. Filtros y consumibles | C93: 6.2 Juntas y sellos | D93: O-Ring 44x3 mm | E93: Estado de la junta tórica 44x3 mm | F93: OK / No OK | H93: Sin desgaste | K93: No | L93: No | M93: C00044X3S70 | N93: MT_18A20087_260512 | O93: Pendiente | Q93: =IF($F93<>"Numérico","",IF($P93="","Sin dato",IF(AND(OR(NOT(ISNUMBER($I93)),$P93>=$I93),OR(NOT(ISNUMBER($J93)),$P93<=$J93)),"Dentro de rango","Fuera de rango")))
A94: 6.2.3 | B94: 6. Filtros y consumibles | C94: 6.2 Juntas y sellos | D94: Set de tornillería | E94: Estado y completitud de la tornillería de servicio | F94: OK / No OK | H94: Completa y sin deformación | K94: No | L94: No | M94: 4037489 / M00M3X3D913A2 | N94: MT_18A20087_260512 | O94: Pendiente | Q94: =IF($F94<>"Numérico","",IF($P94="","Sin dato",IF(AND(OR(NOT(ISNUMBER($I94)),$P94>=$I94),OR(NOT(ISNUMBER($J94)),$P94<=$J94)),"Dentro de rango","Fuera de rango")))
A95: 7.1.1 | B95: 7. Sensores auxiliares | C95: 7.1 Sensor ambiental | D95: Sensor de T y HR ambiente | E95: Presencia del sensor de humedad y temperatura ambiente | F95: Presente / Ausente | H95: Debe estar presente para poder verificar los parámetros | K95: Sí | L95: No | N95: MT_18A19035_260727 | O95: Pendiente | Q95: =IF($F95<>"Numérico","",IF($P95="","Sin dato",IF(AND(OR(NOT(ISNUMBER($I95)),$P95>=$I95),OR(NOT(ISNUMBER($J95)),$P95<=$J95)),"Dentro de rango","Fuera de rango")))
A96: 7.1.2 | B96: 7. Sensores auxiliares | C96: 7.1 Sensor ambiental | D96: Lectura de temperatura ambiente | E96: Valor de temperatura ambiente reportado por el equipo | F96: Numérico | G96: °C | H96: Coherente con patrón de referencia | I96: PENDIENTE DE VALIDAR | J96: PENDIENTE DE VALIDAR | K96: Sí | L96: No | N96: MT_18A19035_260727 | O96: Pendiente | Q96: =IF($F96<>"Numérico","",IF($P96="","Sin dato",IF(AND(OR(NOT(ISNUMBER($I96)),$P96>=$I96),OR(NOT(ISNUMBER($J96)),$P96<=$J96)),"Dentro de rango","Fuera de rango"))) -> Sin dato
A97: 7.1.3 | B97: 7. Sensores auxiliares | C97: 7.1 Sensor ambiental | D97: Lectura de humedad relativa | E97: Valor de humedad relativa reportado por el equipo | F97: Numérico | G97: %HR | H97: Coherente con patrón de referencia | I97: 0 | J97: 100 | K97: Sí | L97: No | N97: MT_18A19035_260727 | O97: Pendiente | Q97: =IF($F97<>"Numérico","",IF($P97="","Sin dato",IF(AND(OR(NOT(ISNUMBER($I97)),$P97>=$I97),OR(NOT(ISNUMBER($J97)),$P97<=$J97)),"Dentro de rango","Fuera de rango"))) -> Sin dato
A98: 7.1.4 | B98: 7. Sensores auxiliares | C98: 7.1 Sensor ambiental | D98: Sensor de presión atmosférica (barométrica) | E98: Lectura de presión atmosférica del equipo contrastada contra un valor de referencia local | F98: Numérico | G98: hPa | H98: Depende de la altitud de instalación (no hay un rango único válido para todos los sitios); en Bogotá el valor de referencia ronda 740-750 hPa. Un sensor saturado (salida cercana a 10 V) indica falla y debe reemplazarse/recalibrarse | I98: PENDIENTE DE VALIDAR | J98: PENDIENTE DE VALIDAR | K98: No | L98: No | N98: Correo Sensor Presión EDM180 18A12048 / Correo GRIMM Flow Error 18A12047 | O98: Pendiente | Q98: =IF($F98<>"Numérico","",IF($P98="","Sin dato",IF(AND(OR(NOT(ISNUMBER($I98)),$P98>=$I98),OR(NOT(ISNUMBER($J98)),$P98<=$J98)),"Dentro de rango","Fuera de rango"))) -> Sin dato
A99: 7.2.1 | B99: 7. Sensores auxiliares | C99: 7.2 Sensores internos | D99: Temperatura interna del equipo | E99: Temperatura interna reportada en el software de diagnóstico | F99: Numérico | G99: °C | H99: Dentro del rango del fabricante | I99: PENDIENTE DE VALIDAR | J99: PENDIENTE DE VALIDAR | K99: No | L99: No | N99: Derivado | O99: Pendiente | Q99: =IF($F99<>"Numérico","",IF($P99="","Sin dato",IF(AND(OR(NOT(ISNUMBER($I99)),$P99>=$I99),OR(NOT(ISNUMBER($J99)),$P99<=$J99)),"Dentro de rango","Fuera de rango"))) -> Sin dato
A100: 7.2.2 | B100: 7. Sensores auxiliares | C100: 7.2 Sensores internos | D100: Sensor de flujo | E100: Coherencia de la lectura del sensor de flujo | F100: OK / No OK | H100: Coherente con la medición externa | K100: Sí | L100: No | N100: Derivado | O100: Pendiente | Q100: =IF($F100<>"Numérico","",IF($P100="","Sin dato",IF(AND(OR(NOT(ISNUMBER($I100)),$P100>=$I100),OR(NOT(ISNUMBER($J100)),$P100<=$J100)),"Dentro de rango","Fuera de rango")))
A101: 8.1.1 | B101: 8. Gabinete, montaje e instalación | C101: 8.1 Gabinete | D101: Estado externo de la carcasa | E101: Golpes, corrosión y pintura de la carcasa | F101: OK / No OK | H101: Sin daño estructural | K101: Sí | L101: Sí | N101: MT_18A18033_260108 | O101: Pendiente | Q101: =IF($F101<>"Numérico","",IF($P101="","Sin dato",IF(AND(OR(NOT(ISNUMBER($I101)),$P101>=$I101),OR(NOT(ISNUMBER($J101)),$P101<=$J101)),"Dentro de rango","Fuera de rango")))
A102: 8.1.2 | B102: 8. Gabinete, montaje e instalación | C102: 8.1 Gabinete | D102: Sellado y hermeticidad | E102: Hermeticidad del gabinete frente al ingreso de humedad | F102: OK / No OK | H102: Hermético | K102: Sí | L102: Sí | N102: MT_18A18033_260108 | O102: Pendiente | Q102: =IF($F102<>"Numérico","",IF($P102="","Sin dato",IF(AND(OR(NOT(ISNUMBER($I102)),$P102>=$I102),OR(NOT(ISNUMBER($J102)),$P102<=$J102)),"Dentro de rango","Fuera de rango")))
...

Sheet Resumen
A1: RESUMEN DE CONFORMIDAD POR NIVEL MACRO
A2: Calculado automáticamente sobre la hoja Inspección.
A4: Nivel macro (N1) | B4: Ítems | C4: Conforme | D4: No conforme | E4: Requiere reemplazo | F4: No aplica | G4: Pendiente | H4: % conformidad | I4: Fuera de rango
A5: 1. Verificación funcional inicial | B5: =COUNTIF(Inspección!$B$9:$B$111,$A5) -> 10 | C5: =COUNTIFS(Inspección!$B$9:$B$111,$A5,Inspección!$O$9:$O$111,"Conforme") -> 0 | D5: =COUNTIFS(Inspección!$B$9:$B$111,$A5,Inspección!$O$9:$O$111,"No conforme") -> 0 | E5: =COUNTIFS(Inspección!$B$9:$B$111,$A5,Inspección!$O$9:$O$111,"Requiere reemplazo") -> 0 | F5: =COUNTIFS(Inspección!$B$9:$B$111,$A5,Inspección!$O$9:$O$111,"No aplica") -> 0 | G5: =COUNTIFS(Inspección!$B$9:$B$111,$A5,Inspección!$O$9:$O$111,"Pendiente") -> 10 | H5: =IFERROR($C5/($B5-$F5-$G5),"") | I5: =COUNTIFS(Inspección!$B$9:$B$111,$A5,Inspección!$Q$9:$Q$111,"Fuera de rango") -> 0
A6: 2. Línea de muestreo y cabezal | B6: =COUNTIF(Inspección!$B$9:$B$111,$A6) -> 20 | C6: =COUNTIFS(Inspección!$B$9:$B$111,$A6,Inspección!$O$9:$O$111,"Conforme") -> 0 | D6: =COUNTIFS(Inspección!$B$9:$B$111,$A6,Inspección!$O$9:$O$111,"No conforme") -> 0 | E6: =COUNTIFS(Inspección!$B$9:$B$111,$A6,Inspección!$O$9:$O$111,"Requiere reemplazo") -> 0 | F6: =COUNTIFS(Inspección!$B$9:$B$111,$A6,Inspección!$O$9:$O$111,"No aplica") -> 0 | G6: =COUNTIFS(Inspección!$B$9:$B$111,$A6,Inspección!$O$9:$O$111,"Pendiente") -> 20 | H6: =IFERROR($C6/($B6-$F6-$G6),"") | I6: =COUNTIFS(Inspección!$B$9:$B$111,$A6,Inspección!$Q$9:$Q$111,"Fuera de rango") -> 0
A7: 3. Sistema neumático y etapa de secado | B7: =COUNTIF(Inspección!$B$9:$B$111,$A7) -> 18 | C7: =COUNTIFS(Inspección!$B$9:$B$111,$A7,Inspección!$O$9:$O$111,"Conforme") -> 0 | D7: =COUNTIFS(Inspección!$B$9:$B$111,$A7,Inspección!$O$9:$O$111,"No conforme") -> 0 | E7: =COUNTIFS(Inspección!$B$9:$B$111,$A7,Inspección!$O$9:$O$111,"Requiere reemplazo") -> 1 | F7: =COUNTIFS(Inspección!$B$9:$B$111,$A7,Inspección!$O$9:$O$111,"No aplica") -> 0 | G7: =COUNTIFS(Inspección!$B$9:$B$111,$A7,Inspección!$O$9:$O$111,"Pendiente") -> 17 | H7: =IFERROR($C7/($B7-$F7-$G7),"") -> 0 | I7: =COUNTIFS(Inspección!$B$9:$B$111,$A7,Inspección!$Q$9:$Q$111,"Fuera de rango") -> 1
A8: 4. Espectrómetro: cámara de medida y óptica | B8: =COUNTIF(Inspección!$B$9:$B$111,$A8) -> 14 | C8: =COUNTIFS(Inspección!$B$9:$B$111,$A8,Inspección!$O$9:$O$111,"Conforme") -> 0 | D8: =COUNTIFS(Inspección!$B$9:$B$111,$A8,Inspección!$O$9:$O$111,"No conforme") -> 0 | E8: =COUNTIFS(Inspección!$B$9:$B$111,$A8,Inspección!$O$9:$O$111,"Requiere reemplazo") -> 0 | F8: =COUNTIFS(Inspección!$B$9:$B$111,$A8,Inspección!$O$9:$O$111,"No aplica") -> 0 | G8: =COUNTIFS(Inspección!$B$9:$B$111,$A8,Inspección!$O$9:$O$111,"Pendiente") -> 14 | H8: =IFERROR($C8/($B8-$F8-$G8),"") | I8: =COUNTIFS(Inspección!$B$9:$B$111,$A8,Inspección!$Q$9:$Q$111,"Fuera de rango") -> 0
A9: 5. Electrónica y control | B9: =COUNTIF(Inspección!$B$9:$B$111,$A9) -> 15 | C9: =COUNTIFS(Inspección!$B$9:$B$111,$A9,Inspección!$O$9:$O$111,"Conforme") -> 0 | D9: =COUNTIFS(Inspección!$B$9:$B$111,$A9,Inspección!$O$9:$O$111,"No conforme") -> 0 | E9: =COUNTIFS(Inspección!$B$9:$B$111,$A9,Inspección!$O$9:$O$111,"Requiere reemplazo") -> 0 | F9: =COUNTIFS(Inspección!$B$9:$B$111,$A9,Inspección!$O$9:$O$111,"No aplica") -> 0 | G9: =COUNTIFS(Inspección!$B$9:$B$111,$A9,Inspección!$O$9:$O$111,"Pendiente") -> 15 | H9: =IFERROR($C9/($B9-$F9-$G9),"") | I9: =COUNTIFS(Inspección!$B$9:$B$111,$A9,Inspección!$Q$9:$Q$111,"Fuera de rango") -> 0
A10: 6. Filtros y consumibles | B10: =COUNTIF(Inspección!$B$9:$B$111,$A10) -> 9 | C10: =COUNTIFS(Inspección!$B$9:$B$111,$A10,Inspección!$O$9:$O$111,"Conforme") -> 0 | D10: =COUNTIFS(Inspección!$B$9:$B$111,$A10,Inspección!$O$9:$O$111,"No conforme") -> 0 | E10: =COUNTIFS(Inspección!$B$9:$B$111,$A10,Inspección!$O$9:$O$111,"Requiere reemplazo") -> 0 | F10: =COUNTIFS(Inspección!$B$9:$B$111,$A10,Inspección!$O$9:$O$111,"No aplica") -> 0 | G10: =COUNTIFS(Inspección!$B$9:$B$111,$A10,Inspección!$O$9:$O$111,"Pendiente") -> 9 | H10: =IFERROR($C10/($B10-$F10-$G10),"") | I10: =COUNTIFS(Inspección!$B$9:$B$111,$A10,Inspección!$Q$9:$Q$111,"Fuera de rango") -> 0
A11: 7. Sensores auxiliares | B11: =COUNTIF(Inspección!$B$9:$B$111,$A11) -> 6 | C11: =COUNTIFS(Inspección!$B$9:$B$111,$A11,Inspección!$O$9:$O$111,"Conforme") -> 0 | D11: =COUNTIFS(Inspección!$B$9:$B$111,$A11,Inspección!$O$9:$O$111,"No conforme") -> 0 | E11: =COUNTIFS(Inspección!$B$9:$B$111,$A11,Inspección!$O$9:$O$111,"Requiere reemplazo") -> 0 | F11: =COUNTIFS(Inspección!$B$9:$B$111,$A11,Inspección!$O$9:$O$111,"No aplica") -> 0 | G11: =COUNTIFS(Inspección!$B$9:$B$111,$A11,Inspección!$O$9:$O$111,"Pendiente") -> 6 | H11: =IFERROR($C11/($B11-$F11-$G11),"") | I11: =COUNTIFS(Inspección!$B$9:$B$111,$A11,Inspección!$Q$9:$Q$111,"Fuera de rango") -> 0
A12: 8. Gabinete, montaje e instalación | B12: =COUNTIF(Inspección!$B$9:$B$111,$A12) -> 11 | C12: =COUNTIFS(Inspección!$B$9:$B$111,$A12,Inspección!$O$9:$O$111,"Conforme") -> 0 | D12: =COUNTIFS(Inspección!$B$9:$B$111,$A12,Inspección!$O$9:$O$111,"No conforme") -> 0 | E12: =COUNTIFS(Inspección!$B$9:$B$111,$A12,Inspección!$O$9:$O$111,"Requiere reemplazo") -> 0 | F12: =COUNTIFS(Inspección!$B$9:$B$111,$A12,Inspección!$O$9:$O$111,"No aplica") -> 0 | G12: =COUNTIFS(Inspección!$B$9:$B$111,$A12,Inspección!$O$9:$O$111,"Pendiente") -> 11 | H12: =IFERROR($C12/($B12-$F12-$G12),"") | I12: =COUNTIFS(Inspección!$B$9:$B$111,$A12,Inspección!$Q$9:$Q$111,"Fuera de rango") -> 0
A13: TOTAL | B13: =SUM(B5:B12) -> 103 | C13: =SUM(C5:C12) -> 0 | D13: =SUM(D5:D12) -> 0 | E13: =SUM(E5:E12) -> 1 | F13: =SUM(F5:F12) -> 0 | G13: =SUM(G5:G12) -> 102 | H13: =IFERROR($C13/($B13-$F13-$G13),"") -> 0 | I13: =SUM(I5:I12) -> 1
A15: % conformidad = Conforme / (Ítems − No aplica − Pendiente).
A16: Nota: con la hoja recién abierta todos los ítems están en «Pendiente», por lo que el % queda vacío hasta diligenciar.
